sample_id	tumour_content
left_ovary_site_1	0.761986923256
left_ovary_site_2	0.654521300538
omentum_site_1	0.178823967048
omentum_site_2	0.672037898109
right_ovary_site_1	0.601017051852
